county,year,total_population,children_under_5,working_age,elderly_65plus,sex_ratio,dependency_ratio,child_dependency_ratio,elderly_dependency_ratio,pct_children,pct_elderly
Baringo,2021,681843.0,101203.0,358512.0,19204.0,102.27,33.59,28.23,5.36,14.84,2.82
Bomet,2021,930011.0,122301.0,518614.0,24585.0,99.28,28.32,23.58,4.74,13.15,2.64
Bungoma,2021,2058212.0,277644.0,1099671.0,55336.0,94.96,30.28,25.25,5.03,13.49,2.69
Busia,2021,940491.0,124213.0,510769.0,29376.0,91.79,30.07,24.32,5.75,13.21,3.12
Elgeyo-Marakwet,2021,429380.0,59823.0,235243.0,13331.0,100.6,31.1,25.43,5.67,13.93,3.1
Embu,2021,656631.0,69025.0,419760.0,30724.0,100.76,23.76,16.44,7.32,10.51,4.68
Garissa,2021,1043863.0,158394.0,525647.0,17423.0,113.99,33.45,30.13,3.31,15.17,1.67
HomaBay,2021,1146907.0,164308.0,598433.0,36691.0,91.79,33.59,27.46,6.13,14.33,3.2
Isiolo,2021,387405.0,61025.0,202702.0,8466.0,110.17,34.28,30.11,4.18,15.75,2.19
Kajiado,2021,1449215.0,208095.0,875056.0,22209.0,100.68,26.32,23.78,2.54,14.36,1.53
Kakamega,2021,1601749.0,202225.0,870414.0,54146.0,92.67,29.45,23.23,6.22,12.63,3.38
Kericho,2021,938835.0,118830.0,543351.0,25165.0,100.78,26.5,21.87,4.63,12.66,2.68
Kiambu,2021,2875430.0,343918.0,1919716.0,68527.0,97.82,21.48,17.92,3.57,11.96,2.38
Kilifi,2021,1611006.0,230942.0,885857.0,45298.0,94.77,31.18,26.07,5.11,14.34,2.81
Kirinyaga,2021,899296.0,87071.0,598508.0,44179.0,98.43,21.93,14.55,7.38,9.68,4.91
Kisii,2021,1264699.0,149341.0,712799.0,42051.0,92.24,26.85,20.95,5.9,11.81,3.32
Kisumu,2021,1259052.0,159751.0,728608.0,36245.0,95.4,26.9,21.93,4.97,12.69,2.88
Kitui,2021,1152707.0,133785.0,646694.0,53131.0,93.79,28.9,20.69,8.22,11.61,4.61
Kwale,2021,979179.0,152949.0,513165.0,27439.0,96.81,35.15,29.81,5.35,15.62,2.8
Laikipia,2021,567992.0,75180.0,331747.0,20280.0,100.87,28.77,22.66,6.11,13.24,3.57
Lamu,2021,168015.0,22806.0,97513.0,4843.0,112.78,28.35,23.39,4.97,13.57,2.88
Machakos,2021,1617784.0,176787.0,1033346.0,59901.0,101.41,22.9,17.11,5.8,10.93,3.7
Makueni,2021,1005553.0,102699.0,604035.0,49690.0,99.0,25.23,17.0,8.23,10.21,4.94
Mandera,2021,937213.0,179714.0,414934.0,9922.0,100.76,45.7,43.31,2.39,19.18,1.06
Marsabit,2021,550372.0,84726.0,281642.0,12195.0,113.64,34.41,30.08,4.33,15.39,2.22
Meru,2021,1584465.0,181766.0,964942.0,64584.0,99.42,25.53,18.84,6.69,11.47,4.08
Migori,2021,1235945.0,186046.0,638063.0,29436.0,93.14,33.77,29.16,4.61,15.05,2.38
Mombasa,2021,1354572.0,170945.0,896922.0,18659.0,103.69,21.14,19.06,2.08,12.62,1.38
Murang'a,2021,1054409.0,115419.0,644298.0,65184.0,98.94,28.03,17.91,10.12,10.95,6.18
Nairobi,2021,5295470.0,655111.0,3631698.0,51286.0,100.95,19.45,18.04,1.41,12.37,0.97
Nakuru,2021,2452029.0,320882.0,1467804.0,60678.0,100.22,26.0,21.86,4.13,13.09,2.47
Nandi,2021,934379.0,115871.0,540451.0,27699.0,99.75,26.56,21.44,5.13,12.4,2.96
Narok,2021,1371542.0,228171.0,680895.0,24939.0,100.46,37.17,33.51,3.66,16.64,1.82
Nyamira,2021,582678.0,65242.0,332252.0,21301.0,92.82,26.05,19.64,6.41,11.2,3.66
Nyandarua,2021,632090.0,72174.0,380780.0,25664.0,97.78,25.69,18.95,6.74,11.42,4.06
Nyeri,2021,746374.0,75335.0,480667.0,42699.0,97.94,24.56,15.67,8.88,10.09,5.72
Samburu,2021,356919.0,60448.0,174198.0,7740.0,102.74,39.14,34.7,4.44,16.94,2.17
Siaya,2021,1062138.0,136021.0,573421.0,46580.0,91.15,31.84,23.72,8.12,12.81,4.39
TaitaTaveta,2021,365189.0,43437.0,224460.0,15254.0,104.35,26.15,19.35,6.8,11.89,4.18
TanaRiver,2021,668749.0,113738.0,331481.0,14111.0,104.8,38.57,34.31,4.26,17.01,2.11
Tharaka-Nithi,2021,332253.0,35962.0,201786.0,17046.0,97.67,26.27,17.82,8.45,10.82,5.13
TransNzoia,2021,1047199.0,142564.0,574212.0,26566.0,98.06,29.45,24.83,4.63,13.61,2.54
Turkana,2021,992466.0,145810.0,526768.0,18262.0,107.32,31.15,27.68,3.47,14.69,1.84
UasinGishu,2021,1303422.0,162672.0,795878.0,28463.0,100.47,24.02,20.44,3.58,12.48,2.18
Vihiga,2021,566868.0,65269.0,311911.0,31162.0,92.64,30.92,20.93,9.99,11.51,5.5
Wajir,2021,835580.0,135683.0,408233.0,9088.0,113.91,35.46,33.24,2.23,16.24,1.09
WestPokot,2021,715062.0,133289.0,337885.0,15504.0,98.84,44.04,39.45,4.59,18.64,2.17
Baringo,2022,694565.0,101560.0,369300.0,19916.0,102.2,32.89,27.5,5.39,14.62,2.87
Bomet,2022,947391.0,122638.0,533793.0,25477.0,99.22,27.75,22.97,4.77,12.94,2.69
Bungoma,2022,2096655.0,278473.0,1132795.0,57424.0,94.88,29.65,24.58,5.07,13.28,2.74
Busia,2022,958089.0,124536.0,525985.0,30454.0,91.69,29.47,23.68,5.79,13.0,3.18
Elgeyo-Marakwet,2022,437390.0,59988.0,242183.0,13820.0,100.55,30.48,24.77,5.71,13.71,3.16
Embu,2022,668871.0,68958.0,431032.0,31736.0,100.68,23.36,16.0,7.36,10.31,4.74
Garissa,2022,1063147.0,159094.0,541954.0,18010.0,113.98,32.68,29.36,3.32,14.96,1.69
HomaBay,2022,1168321.0,164843.0,616469.0,38077.0,91.66,32.92,26.74,6.18,14.11,3.26
Isiolo,2022,394699.0,61281.0,208889.0,8782.0,110.18,33.54,29.34,4.2,15.53,2.23
Kajiado,2022,1476260.0,208665.0,899676.0,23043.0,100.62,25.75,23.19,2.56,14.13,1.56
Kakamega,2022,1631629.0,202688.0,896296.0,56132.0,92.57,28.88,22.61,6.26,12.42,3.44
Kericho,2022,956381.0,119090.0,558938.0,26084.0,100.73,25.97,21.31,4.67,12.45,2.73
Kiambu,2022,2929294.0,344005.0,1970914.0,70834.0,97.74,21.05,17.45,3.59,11.74,2.42
Kilifi,2022,1641143.0,231579.0,912074.0,47043.0,94.66,30.55,25.39,5.16,14.11,2.87
Kirinyaga,2022,916093.0,86892.0,614281.0,45576.0,98.36,21.56,14.15,7.42,9.49,4.98
Kisii,2022,1288318.0,149611.0,733512.0,43613.0,92.14,26.34,20.4,5.95,11.61,3.39
Kisumu,2022,1282536.0,160071.0,749404.0,37589.0,95.31,26.38,21.36,5.02,12.48,2.93
Kitui,2022,1174220.0,133956.0,665337.0,54964.0,93.67,28.39,20.13,8.26,11.41,4.68
Kwale,2022,997448.0,153489.0,528683.0,28522.0,96.72,34.43,29.03,5.39,15.39,2.86
Laikipia,2022,578610.0,75292.0,341252.0,20981.0,100.81,28.21,22.06,6.15,13.01,3.63
Lamu,2022,171155.0,22848.0,100328.0,5024.0,112.79,27.78,22.77,5.01,13.35,2.94
Machakos,2022,1648017.0,176772.0,1061314.0,61926.0,101.34,22.49,16.66,5.83,10.73,3.76
Makueni,2022,1024380.0,102699.0,620813.0,51374.0,98.9,24.82,16.54,8.28,10.03,5.02
Mandera,2022,954579.0,180925.0,428400.0,10306.0,100.87,44.64,42.23,2.41,18.95,1.08
Marsabit,2022,560661.0,85112.0,290258.0,12636.0,113.68,33.68,29.32,4.35,15.18,2.25
Meru,2022,1614040.0,181843.0,991676.0,66776.0,99.35,25.07,18.34,6.73,11.27,4.14
Migori,2022,1259109.0,186799.0,657495.0,30573.0,93.03,33.06,28.41,4.65,14.84,2.43
Mombasa,2022,1379839.0,171128.0,920986.0,19373.0,103.68,20.68,18.58,2.1,12.4,1.4
Murang'a,2022,1074072.0,115307.0,662091.0,67217.0,98.85,27.57,17.42,10.15,10.74,6.26
Nairobi,2022,5394081.0,655753.0,3726796.0,53220.0,100.9,19.02,17.6,1.43,12.16,0.99
Nakuru,2022,2497829.0,321420.0,1509409.0,62850.0,100.17,25.46,21.29,4.16,12.87,2.52
Nandi,2022,951855.0,116088.0,556003.0,28692.0,99.71,26.04,20.88,5.16,12.2,3.01
Narok,2022,1397077.0,229282.0,702127.0,25909.0,100.41,36.35,32.66,3.69,16.41,1.85
Nyamira,2022,593532.0,65324.0,341835.0,22067.0,92.73,25.57,19.11,6.46,11.01,3.72
Nyandarua,2022,643878.0,72184.0,391542.0,26495.0,97.7,25.2,18.44,6.77,11.21,4.11
Nyeri,2022,760310.0,75206.0,493602.0,43976.0,97.86,24.15,15.24,8.91,9.89,5.78
Samburu,2022,363500.0,60737.0,179620.0,8030.0,102.7,38.29,33.81,4.47,16.71,2.21
Siaya,2022,1081985.0,136306.0,590354.0,48261.0,90.99,31.26,23.09,8.17,12.6,4.46
TaitaTaveta,2022,372000.0,43438.0,230674.0,15779.0,104.32,25.67,18.83,6.84,11.68,4.24
TanaRiver,2022,681435.0,114292.0,341999.0,14664.0,104.74,37.71,33.42,4.29,16.77,2.15
Tharaka-Nithi,2022,338481.0,35958.0,207376.0,17609.0,97.6,25.83,17.34,8.49,10.62,5.2
TransNzoia,2022,1066793.0,142959.0,591329.0,27560.0,97.99,28.84,24.18,4.66,13.4,2.58
Turkana,2022,1011039.0,146411.0,542636.0,18971.0,107.29,30.48,26.98,3.5,14.48,1.88
UasinGishu,2022,1327725.0,162926.0,818146.0,29488.0,100.42,23.52,19.91,3.6,12.27,2.22
Vihiga,2022,577463.0,65329.0,321049.0,32236.0,92.54,30.39,20.35,10.04,11.31,5.58
Wajir,2022,851236.0,136440.0,421074.0,9438.0,114.0,34.64,32.4,2.24,16.03,1.11
WestPokot,2022,728364.0,134011.0,348578.0,16137.0,98.77,43.07,38.44,4.63,18.4,2.22
Baringo,2023,708558.0,102413.0,381059.0,20656.0,102.21,32.3,26.88,5.42,14.45,2.92
Bomet,2023,966487.0,123584.0,550363.0,26393.0,99.21,27.25,22.45,4.8,12.79,2.73
Bungoma,2023,2138905.0,280700.0,1168846.0,59656.0,94.85,29.12,24.02,5.1,13.12,2.79
Busia,2023,977420.0,125486.0,542548.0,31595.0,91.65,28.95,23.13,5.82,12.84,3.23
Elgeyo-Marakwet,2023,446176.0,60441.0,249722.0,14338.0,100.57,29.95,24.2,5.74,13.55,3.21
Embu,2023,682328.0,69249.0,443311.0,32741.0,100.66,23.01,15.62,7.39,10.15,4.8
Garissa,2023,1084120.0,160536.0,559724.0,18468.0,114.01,31.98,28.68,3.3,14.81,1.7
HomaBay,2023,1191866.0,166204.0,636130.0,39539.0,91.58,32.34,26.13,6.22,13.94,3.32
Isiolo,2023,402686.0,61826.0,215604.0,9098.0,110.25,32.9,28.68,4.22,15.35,2.26
Kajiado,2023,1505971.0,210175.0,926338.0,23923.0,100.58,25.27,22.69,2.58,13.96,1.59
Kakamega,2023,1664500.0,204184.0,924453.0,58293.0,92.53,28.39,22.09,6.31,12.27,3.5
Kericho,2023,975656.0,119937.0,575933.0,27036.0,100.74,25.52,20.82,4.69,12.29,2.77
Kiambu,2023,2988497.0,345665.0,2026374.0,73259.0,97.66,20.67,17.06,3.62,11.57,2.45
Kilifi,2023,1674241.0,233324.0,940519.0,48935.0,94.61,30.01,24.81,5.2,13.94,2.92
Kirinyaga,2023,934553.0,87167.0,631413.0,46969.0,98.33,21.24,13.81,7.44,9.33,5.03
Kisii,2023,1314277.0,150651.0,756122.0,45245.0,92.08,25.91,19.92,5.98,11.46,3.44
Kisumu,2023,1308337.0,161176.0,772060.0,39032.0,95.26,25.93,20.88,5.06,12.32,2.98
Kitui,2023,1197870.0,134834.0,685783.0,56782.0,93.62,27.94,19.66,8.28,11.26,4.74
Kwale,2023,1017523.0,154758.0,545494.0,29689.0,96.68,33.81,28.37,5.44,15.21,2.92
Laikipia,2023,590292.0,75775.0,351536.0,21744.0,100.78,27.74,21.56,6.19,12.84,3.68
Lamu,2023,174599.0,22998.0,103370.0,5222.0,112.86,27.3,22.25,5.05,13.17,2.99
Machakos,2023,1681265.0,177631.0,1091797.0,63956.0,101.3,22.13,16.27,5.86,10.57,3.8
Makueni,2023,1045080.0,103242.0,639209.0,53062.0,98.88,24.45,16.15,8.3,9.88,5.08
Mandera,2023,973602.0,182961.0,443056.0,10677.0,101.01,43.71,41.3,2.41,18.79,1.1
Marsabit,2023,571971.0,85909.0,299672.0,13057.0,113.77,33.02,28.67,4.36,15.02,2.28
Meru,2023,1646555.0,182841.0,1020796.0,69026.0,99.32,24.67,17.91,6.76,11.1,4.19
Migori,2023,1284554.0,188462.0,678669.0,31767.0,92.98,32.45,27.77,4.68,14.67,2.47
Mombasa,2023,1407569.0,172064.0,947009.0,20157.0,103.66,20.3,18.17,2.13,12.22,1.43
Murang'a,2023,1095685.0,115787.0,681318.0,69371.0,98.83,27.18,16.99,10.18,10.57,6.33
Nairobi,2023,5502502.0,659233.0,3829866.0,55341.0,100.83,18.66,17.21,1.44,11.98,1.01
Nakuru,2023,2548161.0,323496.0,1554578.0,65182.0,100.15,25.0,20.81,4.19,12.7,2.56
Nandi,2023,971062.0,116880.0,572939.0,29756.0,99.71,25.59,20.4,5.19,12.04,3.06
Narok,2023,1425161.0,231483.0,725176.0,26932.0,100.41,35.63,31.92,3.71,16.24,1.89
Nyamira,2023,605482.0,65750.0,352308.0,22876.0,92.69,25.16,18.66,6.49,10.86,3.78
Nyandarua,2023,656831.0,72562.0,403204.0,27392.0,97.65,24.79,18.0,6.79,11.05,4.17
Nyeri,2023,775620.0,75463.0,507573.0,45328.0,97.82,23.8,14.87,8.93,9.73,5.84
Samburu,2023,370743.0,61312.0,185524.0,8331.0,102.72,37.54,33.05,4.49,16.54,2.25
Siaya,2023,1103793.0,137286.0,608783.0,50039.0,90.89,30.77,22.55,8.22,12.44,4.53
TaitaTaveta,2023,379485.0,43655.0,237407.0,16330.0,104.34,25.27,18.39,6.88,11.5,4.3
TanaRiver,2023,695620.0,115431.0,353535.0,15230.0,104.73,36.96,32.65,4.31,16.59,2.19
Tharaka-Nithi,2023,345328.0,36141.0,213466.0,18181.0,97.58,25.45,16.93,8.52,10.47,5.26
TransNzoia,2023,1088307.0,144059.0,609932.0,28628.0,97.98,28.31,23.62,4.69,13.24,2.63
Turkana,2023,1031454.0,147692.0,559976.0,19742.0,107.31,29.9,26.37,3.53,14.32,1.91
UasinGishu,2023,1354459.0,163956.0,842403.0,30587.0,100.41,23.09,19.46,3.63,12.1,2.26
Vihiga,2023,589112.0,65731.0,330979.0,33388.0,92.51,29.95,19.86,10.09,11.16,5.67
Wajir,2023,868443.0,137848.0,435109.0,9798.0,114.11,33.93,31.68,2.25,15.87,1.13
WestPokot,2023,743000.0,135354.0,360160.0,16816.0,98.76,42.25,37.58,4.67,18.22,2.26
Baringo,2024,722668.0,103432.0,393031.0,21489.0,102.2,31.78,26.32,5.47,14.31,2.97
Bomet,2024,985738.0,124732.0,567250.0,27430.0,99.21,26.82,21.99,4.84,12.65,2.78
Bungoma,2024,2181495.0,283403.0,1205585.0,62164.0,94.82,28.66,23.51,5.16,12.99,2.85
Busia,2024,996909.0,126646.0,559411.0,32883.0,91.6,28.52,22.64,5.88,12.7,3.3
Elgeyo-Marakwet,2024,455058.0,60993.0,257398.0,14922.0,100.6,29.49,23.7,5.8,13.4,3.28
Embu,2024,695900.0,69648.0,455726.0,33886.0,100.63,22.72,15.28,7.44,10.01,4.87
Garissa,2024,1105247.0,162241.0,577839.0,19020.0,114.02,31.37,28.08,3.29,14.68,1.72
HomaBay,2024,1215605.0,167845.0,656157.0,41182.0,91.49,31.86,25.58,6.28,13.81,3.39
Isiolo,2024,410749.0,62469.0,222439.0,9457.0,110.32,32.33,28.08,4.25,15.21,2.3
Kajiado,2024,1535923.0,211982.0,953380.0,24901.0,100.55,24.85,22.23,2.61,13.8,1.62
Kakamega,2024,1697631.0,206029.0,953109.0,60723.0,92.48,27.99,21.62,6.37,12.14,3.58
Kericho,2024,995087.0,120978.0,593239.0,28106.0,100.74,25.13,20.39,4.74,12.16,2.82
Kiambu,2024,3048206.0,347813.0,2082454.0,75984.0,97.6,20.35,16.7,3.65,11.41,2.49
Kilifi,2024,1707610.0,235434.0,969439.0,51041.0,94.55,29.55,24.29,5.27,13.79,2.99
Kirinyaga,2024,953162.0,87577.0,648681.0,48556.0,98.29,20.99,13.5,7.49,9.19,5.09
Kisii,2024,1340442.0,151948.0,779169.0,47077.0,92.01,25.54,19.5,6.04,11.34,3.51
Kisumu,2024,1334342.0,162546.0,795117.0,40647.0,95.21,25.56,20.44,5.11,12.18,3.05
Kitui,2024,1221711.0,135940.0,706578.0,58870.0,93.56,27.57,19.24,8.33,11.13,4.82
Kwale,2024,1037757.0,156265.0,562576.0,30984.0,96.64,33.28,27.78,5.51,15.06,2.99
Laikipia,2024,602068.0,76373.0,361954.0,22603.0,100.75,27.35,21.1,6.24,12.69,3.75
Lamu,2024,178073.0,23183.0,106461.0,5441.0,112.94,26.89,21.78,5.11,13.02,3.06
Machakos,2024,1714779.0,178760.0,1122668.0,66258.0,101.26,21.82,15.92,5.9,10.42,3.86
Makueni,2024,1065952.0,103955.0,657898.0,54982.0,98.84,24.16,15.8,8.36,9.75,5.16
Mandera,2024,992832.0,185307.0,458034.0,11103.0,101.12,42.88,40.46,2.42,18.66,1.12
Marsabit,2024,583360.0,86839.0,309260.0,13540.0,113.87,32.46,28.08,4.38,14.89,2.32
Meru,2024,1679332.0,184131.0,1050308.0,71573.0,99.3,24.35,17.53,6.81,10.96,4.26
Migori,2024,1310215.0,190437.0,700266.0,33107.0,92.92,31.92,27.19,4.73,14.53,2.53
Mombasa,2024,1435513.0,173237.0,973363.0,21014.0,103.66,19.96,17.8,2.16,12.07,1.46
Murang'a,2024,1117470.0,116437.0,700678.0,71823.0,98.79,26.87,16.62,10.25,10.42,6.43
Nairobi,2024,5611794.0,663604.0,3934224.0,57657.0,100.79,18.33,16.87,1.47,11.83,1.03
Nakuru,2024,2598903.0,326076.0,1600439.0,67799.0,100.13,24.61,20.37,4.24,12.55,2.61
Nandi,2024,990438.0,117865.0,590176.0,30958.0,99.71,25.22,19.97,5.25,11.9,3.13
Narok,2024,1453475.0,234042.0,748648.0,28080.0,100.41,35.01,31.26,3.75,16.1,1.93
Nyamira,2024,617534.0,66290.0,362989.0,23788.0,92.63,24.82,18.26,6.55,10.73,3.85
Nyandarua,2024,669887.0,73057.0,415018.0,28418.0,97.6,24.45,17.6,6.85,10.91,4.24
Nyeri,2024,791052.0,75831.0,521628.0,46878.0,97.77,23.52,14.54,8.99,9.59,5.93
Samburu,2024,378044.0,61981.0,191535.0,8670.0,102.73,36.89,32.36,4.53,16.4,2.29
Siaya,2024,1125779.0,138493.0,627511.0,52046.0,90.78,30.36,22.07,8.29,12.3,4.62
TaitaTaveta,2024,387032.0,43939.0,244222.0,16950.0,104.36,24.93,17.99,6.94,11.35,4.38
TanaRiver,2024,709941.0,116747.0,365282.0,15868.0,104.72,36.3,31.96,4.34,16.44,2.24
Tharaka-Nithi,2024,352232.0,36379.0,219630.0,18834.0,97.55,25.14,16.56,8.58,10.33,5.35
TransNzoia,2024,1109996.0,145398.0,628873.0,29826.0,97.97,27.86,23.12,4.74,13.1,2.69
Turkana,2024,1052037.0,149205.0,577668.0,20603.0,107.33,29.4,25.83,3.57,14.18,1.96
UasinGishu,2024,1381408.0,165242.0,867059.0,31821.0,100.41,22.73,19.06,3.67,11.96,2.3
Vihiga,2024,600859.0,66242.0,341050.0,34692.0,92.47,29.6,19.42,10.17,11.02,5.77
Wajir,2024,885790.0,139487.0,449455.0,10206.0,114.21,33.31,31.03,2.27,15.75,1.15
WestPokot,2024,757733.0,136896.0,371929.0,17568.0,98.75,41.53,36.81,4.72,18.07,2.32
Baringo,2025,736845.0,104844.0,404996.0,22315.0,102.19,31.4,25.89,5.51,14.23,3.03
Bomet,2025,1005094.0,126362.0,584167.0,28461.0,99.19,26.5,21.63,4.87,12.57,2.83
Bungoma,2025,2224321.0,287214.0,1242358.0,64675.0,94.78,28.32,23.12,5.21,12.91,2.91
Busia,2025,1016507.0,128300.0,576285.0,34171.0,91.53,28.19,22.26,5.93,12.62,3.36
Elgeyo-Marakwet,2025,463972.0,61775.0,265066.0,15504.0,100.61,29.15,23.31,5.85,13.31,3.34
Embu,2025,709545.0,70317.0,468158.0,35014.0,100.59,22.5,15.02,7.48,9.91,4.93
Garissa,2025,1126531.0,164576.0,595989.0,19551.0,114.0,30.89,27.61,3.28,14.61,1.74
HomaBay,2025,1239455.0,170134.0,676184.0,42821.0,91.39,31.49,25.16,6.33,13.73,3.45
Isiolo,2025,418852.0,63346.0,229263.0,9810.0,110.36,31.91,27.63,4.28,15.12,2.34
Kajiado,2025,1566036.0,214540.0,980407.0,25865.0,100.52,24.52,21.88,2.64,13.7,1.65
Kakamega,2025,1730937.0,208688.0,981794.0,63158.0,92.42,27.69,21.26,6.43,12.06,3.65
Kericho,2025,1014635.0,122484.0,610588.0,29166.0,100.74,24.84,20.06,4.78,12.07,2.87
Kiambu,2025,3108265.0,351210.0,2138523.0,78671.0,97.53,20.1,16.42,3.68,11.3,2.53
Kilifi,2025,1741182.0,238436.0,998359.0,53139.0,94.49,29.21,23.88,5.32,13.69,3.05
Kirinyaga,2025,971872.0,88326.0,665976.0,50114.0,98.23,20.79,13.26,7.52,9.09,5.16
Kisii,2025,1366745.0,153842.0,802297.0,48897.0,91.93,25.27,19.18,6.09,11.26,3.58
Kisumu,2025,1360497.0,164543.0,818205.0,42257.0,95.16,25.27,20.11,5.16,12.09,3.11
Kitui,2025,1245683.0,137591.0,727424.0,60946.0,93.48,27.29,18.91,8.38,11.05,4.89
Kwale,2025,1058111.0,158355.0,579646.0,32269.0,96.58,32.89,27.32,5.57,14.97,3.05
Laikipia,2025,613912.0,77261.0,372365.0,23459.0,100.7,27.05,20.75,6.3,12.59,3.82
Lamu,2025,181571.0,23455.0,109555.0,5659.0,113.01,26.57,21.41,5.17,12.92,3.12
Machakos,2025,1748484.0,180565.0,1153594.0,68532.0,101.21,21.59,15.65,5.94,10.33,3.92
Makueni,2025,1086933.0,105083.0,676652.0,56888.0,98.79,23.94,15.53,8.41,9.67,5.23
Mandera,2025,1012176.0,188344.0,472966.0,11522.0,101.2,42.26,39.82,2.44,18.61,1.14
Marsabit,2025,594817.0,88099.0,318853.0,14014.0,113.95,32.02,27.63,4.4,14.81,2.36
Meru,2025,1712292.0,186132.0,1079872.0,74088.0,99.25,24.1,17.24,6.86,10.87,4.33
Migori,2025,1336002.0,193134.0,721867.0,34444.0,92.86,31.53,26.75,4.77,14.46,2.58
Mombasa,2025,1463651.0,175024.0,999744.0,21855.0,103.65,19.69,17.51,2.19,11.96,1.49
Murang'a,2025,1139373.0,117536.0,720038.0,74260.0,98.73,26.64,16.32,10.31,10.32,6.52
Nairobi,2025,5721634.0,670268.0,4038485.0,59921.0,100.75,18.08,16.6,1.48,11.71,1.05
Nakuru,2025,2649918.0,329877.0,1646304.0,70400.0,100.1,24.31,20.04,4.28,12.45,2.66
Nandi,2025,1009905.0,119304.0,607430.0,32158.0,99.7,24.93,19.64,5.29,11.81,3.18
Narok,2025,1481953.0,237467.0,772114.0,29220.0,100.39,34.54,30.76,3.78,16.02,1.97
Nyamira,2025,629660.0,67093.0,373723.0,24695.0,92.55,24.56,17.95,6.61,10.66,3.92
Nyandarua,2025,683015.0,73836.0,426836.0,29446.0,97.51,24.2,17.3,6.9,10.81,4.31
Nyeri,2025,806572.0,76492.0,535687.0,48419.0,97.7,23.32,14.28,9.04,9.48,6.0
Samburu,2025,385392.0,62881.0,197542.0,9008.0,102.74,36.39,31.83,4.56,16.32,2.34
Siaya,2025,1147887.0,140244.0,646259.0,54051.0,90.66,30.06,21.7,8.36,12.22,4.71
TaitaTaveta,2025,394619.0,44389.0,251040.0,17563.0,104.36,24.68,17.68,7.0,11.25,4.45
TanaRiver,2025,724291.0,118487.0,376991.0,16495.0,104.7,35.8,31.43,4.38,16.36,2.28
Tharaka-Nithi,2025,359172.0,36760.0,225805.0,19478.0,97.51,24.91,16.28,8.63,10.23,5.42
TransNzoia,2025,1131807.0,147299.0,647826.0,31022.0,97.94,27.53,22.74,4.79,13.01,2.74
Turkana,2025,1072734.0,151283.0,595374.0,21461.0,107.34,29.01,25.41,3.6,14.1,2.0
UasinGishu,2025,1408516.0,167151.0,891744.0,33050.0,100.4,22.45,18.74,3.71,11.87,2.35
Vihiga,2025,612674.0,67021.0,351133.0,35998.0,92.42,29.34,19.09,10.25,10.94,5.88
Wajir,2025,903229.0,141656.0,463803.0,10608.0,114.26,32.83,30.54,2.29,15.68,1.17
WestPokot,2025,772559.0,138937.0,383668.0,18314.0,98.73,40.99,36.21,4.77,17.98,2.37
